Workbook

Sheet Assumptions
B1: Roll Roll - skill check probability assumptions
B2: Yellow cells are inputs you can change; every probability on the 'Probabilities' tab recalculates from them.
B4: CR ranks and their targets
B5: CR rank | C5: Target to match | D5: Game difficulty
B6: 1 | C6: 4 | D6: Easy
B7: 2 | C7: 8 | D7: Challenging
B8: 3 | C8: 12 | D8: Hard
B9: 4 | C9: 16 | D9: Very hard
B10: 5 | C10: 20 | D10: (assumed - see note)
B11: Targets 4 / 8 / 12 / 16 are the four difficulties in scripts/dice.gd (DIFFICULTY_TARGETS). The game has no fifth difficulty; CR 5 = 20 continues the +4 step and is an assumption, not a game rule.
B13: Ability ranks and die faces
B14: Ability rank | C14: Modifier per die | D14: Name | E14: Die faces
B15: 1 | C15: =B15-3 -> -2 | D15: Very weak | E15: =_xlfn.TEXTJOIN(", ",TRUE(),1+$C15,2+$C15,3+$C15,4+$C15,5+$C15,6+$C15) -> -1, 0, 1, 2, 3, 4
B16: 2 | C16: =B16-3 -> -1 | D16: Weak | E16: =_xlfn.TEXTJOIN(", ",TRUE(),1+$C16,2+$C16,3+$C16,4+$C16,5+$C16,6+$C16) -> 0, 1, 2, 3, 4, 5
B17: 3 | C17: =B17-3 -> 0 | D17: Average | E17: =_xlfn.TEXTJOIN(", ",TRUE(),1+$C17,2+$C17,3+$C17,4+$C17,5+$C17,6+$C17) -> 1, 2, 3, 4, 5, 6
B18: 4 | C18: =B18-3 -> 1 | D18: Strong | E18: =_xlfn.TEXTJOIN(", ",TRUE(),1+$C18,2+$C18,3+$C18,4+$C18,5+$C18,6+$C18) -> 2, 3, 4, 5, 6, 7
B19: 5 | C19: =B19-3 -> 2 | D19: Very strong | E19: =_xlfn.TEXTJOIN(", ",TRUE(),1+$C19,2+$C19,3+$C19,4+$C19,5+$C19,6+$C19) -> 3, 4, 5, 6, 7, 8
B20: Rank 3 (Average) rolls 1-6; every step away shifts all six faces by one, so rank 1 rolls -1..4 and rank 5 rolls 3..8. A check rolls 2 dice.
B22: 2-dice pip totals (before rank modifier and skill points)
B23: Pip total | C23: Ways (of 36) | D23: P(exactly)
B24: 2 | C24: =6-ABS(B24-7) -> 1 | D24: =C24/SUM($C$24:$C$34) -> 0.027777778
B25: 3 | C25: =6-ABS(B25-7) -> 2 | D25: =C25/SUM($C$24:$C$34) -> 0.055555556
B26: 4 | C26: =6-ABS(B26-7) -> 3 | D26: =C26/SUM($C$24:$C$34) -> 0.083333333
B27: 5 | C27: =6-ABS(B27-7) -> 4 | D27: =C27/SUM($C$24:$C$34) -> 0.11111111
B28: 6 | C28: =6-ABS(B28-7) -> 5 | D28: =C28/SUM($C$24:$C$34) -> 0.13888889
B29: 7 | C29: =6-ABS(B29-7) -> 6 | D29: =C29/SUM($C$24:$C$34) -> 0.16666667
B30: 8 | C30: =6-ABS(B30-7) -> 5 | D30: =C30/SUM($C$24:$C$34) -> 0.13888889
B31: 9 | C31: =6-ABS(B31-7) -> 4 | D31: =C31/SUM($C$24:$C$34) -> 0.11111111
B32: 10 | C32: =6-ABS(B32-7) -> 3 | D32: =C32/SUM($C$24:$C$34) -> 0.083333333
B33: 11 | C33: =6-ABS(B33-7) -> 2 | D33: =C33/SUM($C$24:$C$34) -> 0.055555556
B34: 12 | C34: =6-ABS(B34-7) -> 1 | D34: =C34/SUM($C$24:$C$34) -> 0.027777778
B35: Total | C35: =SUM(C24:C34) -> 36 | D35: =SUM(D24:D34) -> 1
B37: How a probability is worked out
B38: A check matches its CR when: (pip total) + 2 x (rank modifier) + (skill points) >= (CR target).
B39: So the pip total the dice must show is: required = target - 2 x modifier - skill points, and the probability is the share of the 36 pip combinations at or above it (1 if required <= 2, 0 if required > 12).
B40: Skill points are the pool spent after the roll (scripts/dice.gd, Dice.boosted), so they are a flat bonus to the total; 0 points means no skill applied.

Sheet Probabilities
A1: Chance of matching a CR, by ability rank and skill points
A2: 2 dice per check. Each cell is P(2 dice + 2 x rank modifier + skill points >= CR target). Targets and die spreads live on the 'Assumptions' tab.
A3: Ability rank | B3: Skill points | C3: CR rank 1 | D3: Prob 1 | E3: CR rank 2 | F3: Prob 2 | G3: CR rank 3 | H3: Prob 3 | I3: CR rank 4 | J3: Prob 4 | K3: CR rank 5 | L3: Prob 5
A4: 1 | B4: 0 | C4: 1 | D4: =SUMPRODUCT((Assumptions!$B$24:$B$34>=INDEX(Assumptions!$C$6:$C$10,MATCH(C4,Assumptions!$B$6:$B$10,0))-2*INDEX(Assumptions!$C$15:$C$19,MATCH($A4,Assumptions!$B$15:$B$19,0))-$B4)*Assumptions!$C$24:$C$34)/SUM(Assumptions!$C$24:$C$34) -> 0.41666667 | E4: 2 | F4: =SUMPRODUCT((Assumptions!$B$24:$B$34>=INDEX(Assumptions!$C$6:$C$10,MATCH(E4,Assumptions!$B$6:$B$10,0))-2*INDEX(Assumptions!$C$15:$C$19,MATCH($A4,Assumptions!$B$15:$B$19,0))-$B4)*Assumptions!$C$24:$C$34)/SUM(Assumptions!$C$24:$C$34) -> 0.027777778 | G4: 3 | H4: =SUMPRODUCT((Assumptions!$B$24:$B$34>=INDEX(Assumptions!$C$6:$C$10,MATCH(G4,Assumptions!$B$6:$B$10,0))-2*INDEX(Assumptions!$C$15:$C$19,MATCH($A4,Assumptions!$B$15:$B$19,0))-$B4)*Assumptions!$C$24:$C$34)/SUM(Assumptions!$C$24:$C$34) -> 0 | I4: 4 | J4: =SUMPRODUCT((Assumptions!$B$24:$B$34>=INDEX(Assumptions!$C$6:$C$10,MATCH(I4,Assumptions!$B$6:$B$10,0))-2*INDEX(Assumptions!$C$15:$C$19,MATCH($A4,Assumptions!$B$15:$B$19,0))-$B4)*Assumptions!$C$24:$C$34)/SUM(Assumptions!$C$24:$C$34) -> 0 | K4: 5 | L4: =SUMPRODUCT((Assumptions!$B$24:$B$34>=INDEX(Assumptions!$C$6:$C$10,MATCH(K4,Assumptions!$B$6:$B$10,0))-2*INDEX(Assumptions!$C$15:$C$19,MATCH($A4,Assumptions!$B$15:$B$19,0))-$B4)*Assumptions!$C$24:$C$34)/SUM(Assumptions!$C$24:$C$34) -> 0
A5: 1 | B5: 1 | C5: 1 | D5: =SUMPRODUCT((Assumptions!$B$24:$B$34>=INDEX(Assumptions!$C$6:$C$10,MATCH(C5,Assumptions!$B$6:$B$10,0))-2*INDEX(Assumptions!$C$15:$C$19,MATCH($A5,Assumptions!$B$15:$B$19,0))-$B5)*Assumptions!$C$24:$C$34)/SUM(Assumptions!$C$24:$C$34) -> 0.58333333 | E5: 2 | F5: =SUMPRODUCT((Assumptions!$B$24:$B$34>=INDEX(Assumptions!$C$6:$C$10,MATCH(E5,Assumptions!$B$6:$B$10,0))-2*INDEX(Assumptions!$C$15:$C$19,MATCH($A5,Assumptions!$B$15:$B$19,0))-$B5)*Assumptions!$C$24:$C$34)/SUM(Assumptions!$C$24:$C$34) -> 0.083333333 | G5: 3 | H5: =SUMPRODUCT((Assumptions!$B$24:$B$34>=INDEX(Assumptions!$C$6:$C$10,MATCH(G5,Assumptions!$B$6:$B$10,0))-2*INDEX(Assumptions!$C$15:$C$19,MATCH($A5,Assumptions!$B$15:$B$19,0))-$B5)*Assumptions!$C$24:$C$34)/SUM(Assumptions!$C$24:$C$34) -> 0 | I5: 4 | J5: =SUMPRODUCT((Assumptions!$B$24:$B$34>=INDEX(Assumptions!$C$6:$C$10,MATCH(I5,Assumptions!$B$6:$B$10,0))-2*INDEX(Assumptions!$C$15:$C$19,MATCH($A5,Assumptions!$B$15:$B$19,0))-$B5)*Assumptions!$C$24:$C$34)/SUM(Assumptions!$C$24:$C$34) -> 0 | K5: 5 | L5: =SUMPRODUCT((Assumptions!$B$24:$B$34>=INDEX(Assumptions!$C$6:$C$10,MATCH(K5,Assumptions!$B$6:$B$10,0))-2*INDEX(Assumptions!$C$15:$C$19,MATCH($A5,Assumptions!$B$15:$B$19,0))-$B5)*Assumptions!$C$24:$C$34)/SUM(Assumptions!$C$24:$C$34) -> 0
A6: 1 | B6: 2 | C6: 1 | D6: =SUMPRODUCT((Assumptions!$B$24:$B$34>=INDEX(Assumptions!$C$6:$C$10,MATCH(C6,Assumptions!$B$6:$B$10,0))-2*INDEX(Assumptions!$C$15:$C$19,MATCH($A6,Assumptions!$B$15:$B$19,0))-$B6)*Assumptions!$C$24:$C$34)/SUM(Assumptions!$C$24:$C$34) -> 0.72222222 | E6: 2 | F6: =SUMPRODUCT((Assumptions!$B$24:$B$34>=INDEX(Assumptions!$C$6:$C$10,MATCH(E6,Assumptions!$B$6:$B$10,0))-2*INDEX(Assumptions!$C$15:$C$19,MATCH($A6,Assumptions!$B$15:$B$19,0))-$B6)*Assumptions!$C$24:$C$34)/SUM(Assumptions!$C$24:$C$34) -> 0.16666667 | G6: 3 | H6: =SUMPRODUCT((Assumptions!$B$24:$B$34>=INDEX(Assumptions!$C$6:$C$10,MATCH(G6,Assumptions!$B$6:$B$10,0))-2*INDEX(Assumptions!$C$15:$C$19,MATCH($A6,Assumptions!$B$15:$B$19,0))-$B6)*Assumptions!$C$24:$C$34)/SUM(Assumptions!$C$24:$C$34) -> 0 | I6: 4 | J6: =SUMPRODUCT((Assumptions!$B$24:$B$34>=INDEX(Assumptions!$C$6:$C$10,MATCH(I6,Assumptions!$B$6:$B$10,0))-2*INDEX(Assumptions!$C$15:$C$19,MATCH($A6,Assumptions!$B$15:$B$19,0))-$B6)*Assumptions!$C$24:$C$34)/SUM(Assumptions!$C$24:$C$34) -> 0 | K6: 5 | L6: =SUMPRODUCT((Assumptions!$B$24:$B$34>=INDEX(Assumptions!$C$6:$C$10,MATCH(K6,Assumptions!$B$6:$B$10,0))-2*INDEX(Assumptions!$C$15:$C$19,MATCH($A6,Assumptions!$B$15:$B$19,0))-$B6)*Assumptions!$C$24:$C$34)/SUM(Assumptions!$C$24:$C$34) -> 0
A7: 1 | B7: 3 | C7: 1 | D7: =SUMPRODUCT((Assumptions!$B$24:$B$34>=INDEX(Assumptions!$C$6:$C$10,MATCH(C7,Assumptions!$B$6:$B$10,0))-2*INDEX(Assumptions!$C$15:$C$19,MATCH($A7,Assumptions!$B$15:$B$19,0))-$B7)*Assumptions!$C$24:$C$34)/SUM(Assumptions!$C$24:$C$34) -> 0.83333333 | E7: 2 | F7: =SUMPRODUCT((Assumptions!$B$24:$B$34>=INDEX(Assumptions!$C$6:$C$10,MATCH(E7,Assumptions!$B$6:$B$10,0))-2*INDEX(Assumptions!$C$15:$C$19,MATCH($A7,Assumptions!$B$15:$B$19,0))-$B7)*Assumptions!$C$24:$C$34)/SUM(Assumptions!$C$24:$C$34) -> 0.27777778 | G7: 3 | H7: =SUMPRODUCT((Assumptions!$B$24:$B$34>=INDEX(Assumptions!$C$6:$C$10,MATCH(G7,Assumptions!$B$6:$B$10,0))-2*INDEX(Assumptions!$C$15:$C$19,MATCH($A7,Assumptions!$B$15:$B$19,0))-$B7)*Assumptions!$C$24:$C$34)/SUM(Assumptions!$C$24:$C$34) -> 0 | I7: 4 | J7: =SUMPRODUCT((Assumptions!$B$24:$B$34>=INDEX(Assumptions!$C$6:$C$10,MATCH(I7,Assumptions!$B$6:$B$10,0))-2*INDEX(Assumptions!$C$15:$C$19,MATCH($A7,Assumptions!$B$15:$B$19,0))-$B7)*Assumptions!$C$24:$C$34)/SUM(Assumptions!$C$24:$C$34) -> 0 | K7: 5 | L7: =SUMPRODUCT((Assumptions!$B$24:$B$34>=INDEX(Assumptions!$C$6:$C$10,MATCH(K7,Assumptions!$B$6:$B$10,0))-2*INDEX(Assumptions!$C$15:$C$19,MATCH($A7,Assumptions!$B$15:$B$19,0))-$B7)*Assumptions!$C$24:$C$34)/SUM(Assumptions!$C$24:$C$34) -> 0
A8: 1 | B8: 4 | C8: 1 | D8: =SUMPRODUCT((Assumptions!$B$24:$B$34>=INDEX(Assumptions!$C$6:$C$10,MATCH(C8,Assumptions!$B$6:$B$10,0))-2*INDEX(Assumptions!$C$15:$C$19,MATCH($A8,Assumptions!$B$15:$B$19,0))-$B8)*Assumptions!$C$24:$C$34)/SUM(Assumptions!$C$24:$C$34) -> 0.91666667 | E8: 2 | F8: =SUMPRODUCT((Assumptions!$B$24:$B$34>=INDEX(Assumptions!$C$6:$C$10,MATCH(E8,Assumptions!$B$6:$B$10,0))-2*INDEX(Assumptions!$C$15:$C$19,MATCH($A8,Assumptions!$B$15:$B$19,0))-$B8)*Assumptions!$C$24:$C$34)/SUM(Assumptions!$C$24:$C$34) -> 0.41666667 | G8: 3 | H8: =SUMPRODUCT((Assumptions!$B$24:$B$34>=INDEX(Assumptions!$C$6:$C$10,MATCH(G8,Assumptions!$B$6:$B$10,0))-2*INDEX(Assumptions!$C$15:$C$19,MATCH($A8,Assumptions!$B$15:$B$19,0))-$B8)*Assumptions!$C$24:$C$34)/SUM(Assumptions!$C$24:$C$34) -> 0.027777778 | I8: 4 | J8: =SUMPRODUCT((Assumptions!$B$24:$B$34>=INDEX(Assumptions!$C$6:$C$10,MATCH(I8,Assumptions!$B$6:$B$10,0))-2*INDEX(Assumptions!$C$15:$C$19,MATCH($A8,Assumptions!$B$15:$B$19,0))-$B8)*Assumptions!$C$24:$C$34)/SUM(Assumptions!$C$24:$C$34) -> 0 | K8: 5 | L8: =SUMPRODUCT((Assumptions!$B$24:$B$34>=INDEX(Assumptions!$C$6:$C$10,MATCH(K8,Assumptions!$B$6:$B$10,0))-2*INDEX(Assumptions!$C$15:$C$19,MATCH($A8,Assumptions!$B$15:$B$19,0))-$B8)*Assumptions!$C$24:$C$34)/SUM(Assumptions!$C$24:$C$34) -> 0
A9: 1 | B9: 5 | C9: 1 | D9: =SUMPRODUCT((Assumptions!$B$24:$B$34>=INDEX(Assumptions!$C$6:$C$10,MATCH(C9,Assumptions!$B$6:$B$10,0))-2*INDEX(Assumptions!$C$15:$C$19,MATCH($A9,Assumptions!$B$15:$B$19,0))-$B9)*Assumptions!$C$24:$C$34)/SUM(Assumptions!$C$24:$C$34) -> 0.97222222 | E9: 2 | F9: =SUMPRODUCT((Assumptions!$B$24:$B$34>=INDEX(Assumptions!$C$6:$C$10,MATCH(E9,Assumptions!$B$6:$B$10,0))-2*INDEX(Assumptions!$C$15:$C$19,MATCH($A9,Assumptions!$B$15:$B$19,0))-$B9)*Assumptions!$C$24:$C$34)/SUM(Assumptions!$C$24:$C$34) -> 0.58333333 | G9: 3 | H9: =SUMPRODUCT((Assumptions!$B$24:$B$34>=INDEX(Assumptions!$C$6:$C$10,MATCH(G9,Assumptions!$B$6:$B$10,0))-2*INDEX(Assumptions!$C$15:$C$19,MATCH($A9,Assumptions!$B$15:$B$19,0))-$B9)*Assumptions!$C$24:$C$34)/SUM(Assumptions!$C$24:$C$34) -> 0.083333333 | I9: 4 | J9: =SUMPRODUCT((Assumptions!$B$24:$B$34>=INDEX(Assumptions!$C$6:$C$10,MATCH(I9,Assumptions!$B$6:$B$10,0))-2*INDEX(Assumptions!$C$15:$C$19,MATCH($A9,Assumptions!$B$15:$B$19,0))-$B9)*Assumptions!$C$24:$C$34)/SUM(Assumptions!$C$24:$C$34) -> 0 | K9: 5 | L9: =SUMPRODUCT((Assumptions!$B$24:$B$34>=INDEX(Assumptions!$C$6:$C$10,MATCH(K9,Assumptions!$B$6:$B$10,0))-2*INDEX(Assumptions!$C$15:$C$19,MATCH($A9,Assumptions!$B$15:$B$19,0))-$B9)*Assumptions!$C$24:$C$34)/SUM(Assumptions!$C$24:$C$34) -> 0
A10: 2 | B10: 0 | C10: 1 | D10: =SUMPRODUCT((Assumptions!$B$24:$B$34>=INDEX(Assumptions!$C$6:$C$10,MATCH(C10,Assumptions!$B$6:$B$10,0))-2*INDEX(Assumptions!$C$15:$C$19,MATCH($A10,Assumptions!$B$15:$B$19,0))-$B10)*Assumptions!$C$24:$C$34)/SUM(Assumptions!$C$24:$C$34) -> 0.72222222 | E10: 2 | F10: =SUMPRODUCT((Assumptions!$B$24:$B$34>=INDEX(Assumptions!$C$6:$C$10,MATCH(E10,Assumptions!$B$6:$B$10,0))-2*INDEX(Assumptions!$C$15:$C$19,MATCH($A10,Assumptions!$B$15:$B$19,0))-$B10)*Assumptions!$C$24:$C$34)/SUM(Assumptions!$C$24:$C$34) -> 0.16666667 | G10: 3 | H10: =SUMPRODUCT((Assumptions!$B$24:$B$34>=INDEX(Assumptions!$C$6:$C$10,MATCH(G10,Assumptions!$B$6:$B$10,0))-2*INDEX(Assumptions!$C$15:$C$19,MATCH($A10,Assumptions!$B$15:$B$19,0))-$B10)*Assumptions!$C$24:$C$34)/SUM(Assumptions!$C$24:$C$34) -> 0 | I10: 4 | J10: =SUMPRODUCT((Assumptions!$B$24:$B$34>=INDEX(Assumptions!$C$6:$C$10,MATCH(I10,Assumptions!$B$6:$B$10,0))-2*INDEX(Assumptions!$C$15:$C$19,MATCH($A10,Assumptions!$B$15:$B$19,0))-$B10)*Assumptions!$C$24:$C$34)/SUM(Assumptions!$C$24:$C$34) -> 0 | K10: 5 | L10: =SUMPRODUCT((Assumptions!$B$24:$B$34>=INDEX(Assumptions!$C$6:$C$10,MATCH(K10,Assumptions!$B$6:$B$10,0))-2*INDEX(Assumptions!$C$15:$C$19,MATCH($A10,Assumptions!$B$15:$B$19,0))-$B10)*Assumptions!$C$24:$C$34)/SUM(Assumptions!$C$24:$C$34) -> 0
A11: 2 | B11: 1 | C11: 1 | D11: =SUMPRODUCT((Assumptions!$B$24:$B$34>=INDEX(Assumptions!$C$6:$C$10,MATCH(C11,Assumptions!$B$6:$B$10,0))-2*INDEX(Assumptions!$C$15:$C$19,MATCH($A11,Assumptions!$B$15:$B$19,0))-$B11)*Assumptions!$C$24:$C$34)/SUM(Assumptions!$C$24:$C$34) -> 0.83333333 | E11: 2 | F11: =SUMPRODUCT((Assumptions!$B$24:$B$34>=INDEX(Assumptions!$C$6:$C$10,MATCH(E11,Assumptions!$B$6:$B$10,0))-2*INDEX(Assumptions!$C$15:$C$19,MATCH($A11,Assumptions!$B$15:$B$19,0))-$B11)*Assumptions!$C$24:$C$34)/SUM(Assumptions!$C$24:$C$34) -> 0.27777778 | G11: 3 | H11: =SUMPRODUCT((Assumptions!$B$24:$B$34>=INDEX(Assumptions!$C$6:$C$10,MATCH(G11,Assumptions!$B$6:$B$10,0))-2*INDEX(Assumptions!$C$15:$C$19,MATCH($A11,Assumptions!$B$15:$B$19,0))-$B11)*Assumptions!$C$24:$C$34)/SUM(Assumptions!$C$24:$C$34) -> 0 | I11: 4 | J11: =SUMPRODUCT((Assumptions!$B$24:$B$34>=INDEX(Assumptions!$C$6:$C$10,MATCH(I11,Assumptions!$B$6:$B$10,0))-2*INDEX(Assumptions!$C$15:$C$19,MATCH($A11,Assumptions!$B$15:$B$19,0))-$B11)*Assumptions!$C$24:$C$34)/SUM(Assumptions!$C$24:$C$34) -> 0 | K11: 5 | L11: =SUMPRODUCT((Assumptions!$B$24:$B$34>=INDEX(Assumptions!$C$6:$C$10,MATCH(K11,Assumptions!$B$6:$B$10,0))-2*INDEX(Assumptions!$C$15:$C$19,MATCH($A11,Assumptions!$B$15:$B$19,0))-$B11)*Assumptions!$C$24:$C$34)/SUM(Assumptions!$C$24:$C$34) -> 0
A12: 2 | B12: 2 | C12: 1 | D12: =SUMPRODUCT((Assumptions!$B$24:$B$34>=INDEX(Assumptions!$C$6:$C$10,MATCH(C12,Assumptions!$B$6:$B$10,0))-2*INDEX(Assumptions!$C$15:$C$19,MATCH($A12,Assumptions!$B$15:$B$19,0))-$B12)*Assumptions!$C$24:$C$34)/SUM(Assumptions!$C$24:$C$34) -> 0.91666667 | E12: 2 | F12: =SUMPRODUCT((Assumptions!$B$24:$B$34>=INDEX(Assumptions!$C$6:$C$10,MATCH(E12,Assumptions!$B$6:$B$10,0))-2*INDEX(Assumptions!$C$15:$C$19,MATCH($A12,Assumptions!$B$15:$B$19,0))-$B12)*Assumptions!$C$24:$C$34)/SUM(Assumptions!$C$24:$C$34) -> 0.41666667 | G12: 3 | H12: =SUMPRODUCT((Assumptions!$B$24:$B$34>=INDEX(Assumptions!$C$6:$C$10,MATCH(G12,Assumptions!$B$6:$B$10,0))-2*INDEX(Assumptions!$C$15:$C$19,MATCH($A12,Assumptions!$B$15:$B$19,0))-$B12)*Assumptions!$C$24:$C$34)/SUM(Assumptions!$C$24:$C$34) -> 0.027777778 | I12: 4 | J12: =SUMPRODUCT((Assumptions!$B$24:$B$34>=INDEX(Assumptions!$C$6:$C$10,MATCH(I12,Assumptions!$B$6:$B$10,0))-2*INDEX(Assumptions!$C$15:$C$19,MATCH($A12,Assumptions!$B$15:$B$19,0))-$B12)*Assumptions!$C$24:$C$34)/SUM(Assumptions!$C$24:$C$34) -> 0 | K12: 5 | L12: =SUMPRODUCT((Assumptions!$B$24:$B$34>=INDEX(Assumptions!$C$6:$C$10,MATCH(K12,Assumptions!$B$6:$B$10,0))-2*INDEX(Assumptions!$C$15:$C$19,MATCH($A12,Assumptions!$B$15:$B$19,0))-$B12)*Assumptions!$C$24:$C$34)/SUM(Assumptions!$C$24:$C$34) -> 0
A13: 2 | B13: 3 | C13: 1 | D13: =SUMPRODUCT((Assumptions!$B$24:$B$34>=INDEX(Assumptions!$C$6:$C$10,MATCH(C13,Assumptions!$B$6:$B$10,0))-2*INDEX(Assumptions!$C$15:$C$19,MATCH($A13,Assumptions!$B$15:$B$19,0))-$B13)*Assumptions!$C$24:$C$34)/SUM(Assumptions!$C$24:$C$34) -> 0.97222222 | E13: 2 | F13: =SUMPRODUCT((Assumptions!$B$24:$B$34>=INDEX(Assumptions!$C$6:$C$10,MATCH(E13,Assumptions!$B$6:$B$10,0))-2*INDEX(Assumptions!$C$15:$C$19,MATCH($A13,Assumptions!$B$15:$B$19,0))-$B13)*Assumptions!$C$24:$C$34)/SUM(Assumptions!$C$24:$C$34) -> 0.58333333 | G13: 3 | H13: =SUMPRODUCT((Assumptions!$B$24:$B$34>=INDEX(Assumptions!$C$6:$C$10,MATCH(G13,Assumptions!$B$6:$B$10,0))-2*INDEX(Assumptions!$C$15:$C$19,MATCH($A13,Assumptions!$B$15:$B$19,0))-$B13)*Assumptions!$C$24:$C$34)/SUM(Assumptions!$C$24:$C$34) -> 0.083333333 | I13: 4 | J13: =SUMPRODUCT((Assumptions!$B$24:$B$34>=INDEX(Assumptions!$C$6:$C$10,MATCH(I13,Assumptions!$B$6:$B$10,0))-2*INDEX(Assumptions!$C$15:$C$19,MATCH($A13,Assumptions!$B$15:$B$19,0))-$B13)*Assumptions!$C$24:$C$34)/SUM(Assumptions!$C$24:$C$34) -> 0 | K13: 5 | L13: =SUMPRODUCT((Assumptions!$B$24:$B$34>=INDEX(Assumptions!$C$6:$C$10,MATCH(K13,Assumptions!$B$6:$B$10,0))-2*INDEX(Assumptions!$C$15:$C$19,MATCH($A13,Assumptions!$B$15:$B$19,0))-$B13)*Assumptions!$C$24:$C$34)/SUM(Assumptions!$C$24:$C$34) -> 0
A14: 2 | B14: 4 | C14: 1 | D14: =SUMPRODUCT((Assumptions!$B$24:$B$34>=INDEX(Assumptions!$C$6:$C$10,MATCH(C14,Assumptions!$B$6:$B$10,0))-2*INDEX(Assumptions!$C$15:$C$19,MATCH($A14,Assumptions!$B$15:$B$19,0))-$B14)*Assumptions!$C$24:$C$34)/SUM(Assumptions!$C$24:$C$34) -> 1 | E14: 2 | F14: =SUMPRODUCT((Assumptions!$B$24:$B$34>=INDEX(Assumptions!$C$6:$C$10,MATCH(E14,Assumptions!$B$6:$B$10,0))-2*INDEX(Assumptions!$C$15:$C$19,MATCH($A14,Assumptions!$B$15:$B$19,0))-$B14)*Assumptions!$C$24:$C$34)/SUM(Assumptions!$C$24:$C$34) -> 0.72222222 | G14: 3 | H14: =SUMPRODUCT((Assumptions!$B$24:$B$34>=INDEX(Assumptions!$C$6:$C$10,MATCH(G14,Assumptions!$B$6:$B$10,0))-2*INDEX(Assumptions!$C$15:$C$19,MATCH($A14,Assumptions!$B$15:$B$19,0))-$B14)*Assumptions!$C$24:$C$34)/SUM(Assumptions!$C$24:$C$34) -> 0.16666667 | I14: 4 | J14: =SUMPRODUCT((Assumptions!$B$24:$B$34>=INDEX(Assumptions!$C$6:$C$10,MATCH(I14,Assumptions!$B$6:$B$10,0))-2*INDEX(Assumptions!$C$15:$C$19,MATCH($A14,Assumptions!$B$15:$B$19,0))-$B14)*Assumptions!$C$24:$C$34)/SUM(Assumptions!$C$24:$C$34) -> 0 | K14: 5 | L14: =SUMPRODUCT((Assumptions!$B$24:$B$34>=INDEX(Assumptions!$C$6:$C$10,MATCH(K14,Assumptions!$B$6:$B$10,0))-2*INDEX(Assumptions!$C$15:$C$19,MATCH($A14,Assumptions!$B$15:$B$19,0))-$B14)*Assumptions!$C$24:$C$34)/SUM(Assumptions!$C$24:$C$34) -> 0
A15: 2 | B15: 5 | C15: 1 | D15: =SUMPRODUCT((Assumptions!$B$24:$B$34>=INDEX(Assumptions!$C$6:$C$10,MATCH(C15,Assumptions!$B$6:$B$10,0))-2*INDEX(Assumptions!$C$15:$C$19,MATCH($A15,Assumptions!$B$15:$B$19,0))-$B15)*Assumptions!$C$24:$C$34)/SUM(Assumptions!$C$24:$C$34) -> 1 | E15: 2 | F15: =SUMPRODUCT((Assumptions!$B$24:$B$34>=INDEX(Assumptions!$C$6:$C$10,MATCH(E15,Assumptions!$B$6:$B$10,0))-2*INDEX(Assumptions!$C$15:$C$19,MATCH($A15,Assumptions!$B$15:$B$19,0))-$B15)*Assumptions!$C$24:$C$34)/SUM(Assumptions!$C$24:$C$34) -> 0.83333333 | G15: 3 | H15: =SUMPRODUCT((Assumptions!$B$24:$B$34>=INDEX(Assumptions!$C$6:$C$10,MATCH(G15,Assumptions!$B$6:$B$10,0))-2*INDEX(Assumptions!$C$15:$C$19,MATCH($A15,Assumptions!$B$15:$B$19,0))-$B15)*Assumptions!$C$24:$C$34)/SUM(Assumptions!$C$24:$C$34) -> 0.27777778 | I15: 4 | J15: =SUMPRODUCT((Assumptions!$B$24:$B$34>=INDEX(Assumptions!$C$6:$C$10,MATCH(I15,Assumptions!$B$6:$B$10,0))-2*INDEX(Assumptions!$C$15:$C$19,MATCH($A15,Assumptions!$B$15:$B$19,0))-$B15)*Assumptions!$C$24:$C$34)/SUM(Assumptions!$C$24:$C$34) -> 0 | K15: 5 | L15: =SUMPRODUCT((Assumptions!$B$24:$B$34>=INDEX(Assumptions!$C$6:$C$10,MATCH(K15,Assumptions!$B$6:$B$10,0))-2*INDEX(Assumptions!$C$15:$C$19,MATCH($A15,Assumptions!$B$15:$B$19,0))-$B15)*Assumptions!$C$24:$C$34)/SUM(Assumptions!$C$24:$C$34) -> 0
... A33: 5 | B33: 5 | C33: 1 | D33: =SUMPRODUCT((Assumptions!$B$24:$B$34>=INDEX(Assumptions!$C$6:$C$10,MATCH(C33,Assumptions!$B$6:$B$10,0))-2*INDEX(Assumptions!$C$15:$C$19,MATCH($A33,Assumptions!$B$15:$B$19,0))-$B33)*Assumptions!$C$24:$C$34)/SUM(Assumptions!$C$24:$C$34) -> 1 | E33: 2 | F33: =SUMPRODUCT((Assumptions!$B$24:$B$34>=INDEX(Assumptions!$C$6:$C$10,MATCH(E33,Assumptions!$B$6:$B$10,0))-2*INDEX(Assumptions!$C$15:$C$19,MATCH($A33,Assumptions!$B$15:$B$19,0))-$B33)*Assumptions!$C$24:$C$34)/SUM(Assumptions!$C$24:$C$34) -> 1 | G33: 3 | H33: =SUMPRODUCT((Assumptions!$B$24:$B$34>=INDEX(Assumptions!$C$6:$C$10,MATCH(G33,Assumptions!$B$6:$B$10,0))-2*INDEX(Assumptions!$C$15:$C$19,MATCH($A33,Assumptions!$B$15:$B$19,0))-$B33)*Assumptions!$C$24:$C$34)/SUM(Assumptions!$C$24:$C$34) -> 0.97222222 | I33: 4 | J33: =SUMPRODUCT((Assumptions!$B$24:$B$34>=INDEX(Assumptions!$C$6:$C$10,MATCH(I33,Assumptions!$B$6:$B$10,0))-2*INDEX(Assumptions!$C$15:$C$19,MATCH($A33,Assumptions!$B$15:$B$19,0))-$B33)*Assumptions!$C$24:$C$34)/SUM(Assumptions!$C$24:$C$34) -> 0.58333333 | K33: 5 | L33: =SUMPRODUCT((Assumptions!$B$24:$B$34>=INDEX(Assumptions!$C$6:$C$10,MATCH(K33,Assumptions!$B$6:$B$10,0))-2*INDEX(Assumptions!$C$15:$C$19,MATCH($A33,Assumptions!$B$15:$B$19,0))-$B33)*Assumptions!$C$24:$C$34)/SUM(Assumptions!$C$24:$C$34) -> 0.083333333
A35: Blue cells are inputs (ability rank, skill points, CR rank); black cells are formulas. Change a CR target on the Assumptions tab and this whole table follows.
A36: Example read: ability rank 3 with 2 skill points matches CR 2 (target 8) 72.2% of the time.
